{
  "parent": "builtin/entity",
  "texture_size": [
    64,
    64
  ],
  "display": {
    "thirdperson_righthand": {
      "translation": [
        0,
        -6.5,
        -1.25
      ],
      "scale": [
        0.79296875,
        0.79296875,
        0.79296875
      ]
    },
    "thirdperson_lefthand": {
      "translation": [
        0,
        -6.5,
        -1.25
      ],
      "scale": [
        0.79296875,
        0.79296875,
        0.79296875
      ]
    },
    "firstperson_righthand": {
      "rotation": [
        18.27,
        1.67,
        6.63
      ],
      "translation": [
        1.25,
        -4.25,
        -1.25
      ]
    },
    "firstperson_lefthand": {
      "rotation": [
        18.27,
        1.67,
        6.63
      ],
      "translation": [
        1.25,
        -4.25,
        -1.25
      ]
    },
    "gui": {
      "rotation": [
        91.99,
        46.64,
        -90.7
      ],
      "translation": [
        -2.5,
        -2.75,
        -0.5
      ],
      "scale": [
        0.666015625,
        0.666015625,
        0.666015625
      ]
    },
    "head": {
      "translation": [
        0,
        -3.25,
        -7
      ]
    },
    "fixed": {
      "rotation": [
        90,
        -47,
        90
      ],
      "translation": [
        3,
        -2.75,
        -0.5
      ],
      "scale": [
        0.806640625,
        0.806640625,
        0.806640625
      ]
    }
  }
}