{
  "parent": "builtin/entity",
  "texture_size": [
    300,
    300
  ],
  "display": {
    "thirdperson_righthand": {
      "rotation": [
        80.45,
        10.29,
        92.2
      ]
    },
    "firstperson_righthand": {
      "rotation": [
        12.26,
        1.3,
        94.64
      ],
      "translation": [
        3,
        -0.75,
        1.75
      ]
    },
    "firstperson_lefthand": {
      "rotation": [
        -9.32,
        26.56,
        102.98
      ],
      "translation": [
        2,
        0,
        2
      ]
    },
    "ground": {
      "rotation": [
        -0.44,
        12.66,
        -87.05
      ]
    },
    "gui": {
      "rotation": [
        -91.44,
        53.98,
        91.69
      ],
      "translation": [
        2.25,
        -0.25,
        0
      ],
      "scale": [
        0.708984375,
        0.708984375,
        0.708984375
      ]
    },
    "fixed": {
      "rotation": [
        -87.2,
        -48.54,
        -89.49
      ],
      "translation": [
        -3,
        -1,
        -1.25
      ],
      "scale": [
        0.888671875,
        0.888671875,
        0.888671875
      ]
    }
  }
}